#sample ID	sampleName	fwdBarcodeID	fwdbarcodeSeq	revBarcodeID	revBarcodeSeq
#isolates
isolate_01	isolate_01	1	TCCCTTGTCTCC	11	CTTAAATGGGCA
isolate_02	isolate_02	1	TCCCTTGTCTCC	12	GGTATCACCCTG
isolate_03	isolate_03	1	TCCCTTGTCTCC	13	CGCCTTGATAAG
isolate_04	isolate_04	1	TCCCTTGTCTCC	14	CGTTTATCCGTT
isolate_05	isolate_05	1	TCCCTTGTCTCC	15	TTGTACTCACTC
isolate_06	isolate_06	1	TCCCTTGTCTCC	16	GCCGCATTCGAT
isolate_10	isolate_10	1	TCCCTTGTCTCC	17	ACGAGACTGATT
isolate_11	isolate_11	7	AGCGTCTGAACT	11	CTTAAATGGGCA
isolate_12	isolate_12	2	TGGTAGTCTGAA	11	CTTAAATGGGCA
isolate_13	isolate_13	2	TGGTAGTCTGAA	12	GGTATCACCCTG
isolate_14	isolate_14	2	TGGTAGTCTGAA	13	CGCCTTGATAAG
isolate_15	isolate_15	2	TGGTAGTCTGAA	14	CGTTTATCCGTT
isolate_16	isolate_16	2	TGGTAGTCTGAA	15	TTGTACTCACTC
isolate_17	isolate_17	2	TGGTAGTCTGAA	16	GCCGCATTCGAT
isolate_18	isolate_18	2	TGGTAGTCTGAA	17	ACGAGACTGATT
isolate_19	isolate_19	7	AGCGTCTGAACT	12	GGTATCACCCTG
isolate_20	isolate_20	3	GCATGTCGAAAT	11	CTTAAATGGGCA
isolate_21	isolate_21	3	GCATGTCGAAAT	12	GGTATCACCCTG
isolate_22	isolate_22	3	GCATGTCGAAAT	13	CGCCTTGATAAG
isolate_23	isolate_23	3	GCATGTCGAAAT	14	CGTTTATCCGTT
isolate_24	isolate_24	3	GCATGTCGAAAT	15	TTGTACTCACTC
isolate_25	isolate_25	3	GCATGTCGAAAT	16	GCCGCATTCGAT
#method testing
mR_TD	mR_TD	3	GCATGTCGAAAT	17	ACGAGACTGATT
mBr_TD	mBr_TD	7	AGCGTCTGAACT	13	CGCCTTGATAAG
mE_TD	mE_TD	4	CCTATGCACGGT	11	CTTAAATGGGCA
mR_58	mR_58	4	CCTATGCACGGT	12	GGTATCACCCTG
mBr_58	mBr_58	4	CCTATGCACGGT	13	CGCCTTGATAAG
mE_58	mE_58	4	CCTATGCACGGT	14	CGTTTATCCGTT
mR_60	mR_60	4	CCTATGCACGGT	15	TTGTACTCACTC
mBr_60	mBr_60	4	CCTATGCACGGT	16	GCCGCATTCGAT
mE_60	mE_60	4	CCTATGCACGGT	17	ACGAGACTGATT
dir_mR	dir_mR	d1	GCTGTACGGATTGTTG	dA	AGTCGAACCAGCAGT
dir_mBR	dir_mBR	d2	AGCATCTGGTGTAGCA	dA	AGTCGAACCAGCAGT
dir_mE	dir_mE	d3	TGGTCAACGTTATGGT	dA	AGTCGAACCAGCAGT
#environmental samples
S2Ya	S2Ya	7	AGCGTCTGAACT	14	CGTTTATCCGTT
S2Yb	S2Yb	5	GCGTGGTCATTA	11	CTTAAATGGGCA
S2Yc	S2Yc	5	GCGTGGTCATTA	12	GGTATCACCCTG
Pa	Pa	5	GCGTGGTCATTA	13	CGCCTTGATAAG
Pb	Pb	5	GCGTGGTCATTA	14	CGTTTATCCGTT
Pc	Pc	5	GCGTGGTCATTA	15	TTGTACTCACTC
J24	J24	5	GCGTGGTCATTA	16	GCCGCATTCGAT
J35	J35	5	GCGTGGTCATTA	17	ACGAGACTGATT
J73	J73	7	AGCGTCTGAACT	15	TTGTACTCACTC
J47	J47	6	AGTCACATCCGC	11	CTTAAATGGGCA
J77	J77	6	AGTCACATCCGC	12	GGTATCACCCTG
J101	J101	6	AGTCACATCCGC	13	CGCCTTGATAAG
dir_S2Ya	dir_S2Ya	d1	GCTGTACGGATTGTTG	dC	GAATACCAAGTCGAAT
dir_S2Yb	dir_S2Yb	d2	AGCATCTGGTGTAGCA	dC	GAATACCAAGTCGAAT
dir_S2Yc	dir_S2Yc	d3	TGGTCAACGTTATGGT	dC	GAATACCAAGTCGAAT
dir_J47	dir_J47	d1	GCTGTACGGATTGTTG	dB	ACCAGTCACTCAACCA
dir_J77	dir_J77	d2	AGCATCTGGTGTAGCA	dB	ACCAGTCACTCAACCA
dir_J101	dir_J101	d3	TGGTCAACGTTATGGT	dB	ACCAGTCACTCAACCA
